[
    {
        "PacingMode": null,
        "LowerRateLimit": null,
        "UpperRateLimit": null,
        "MaximumSensorRate": null,
        "AVDelay": null,
        "AtrialAmplitude": null,
        "VentricularAmplitude": null,
        "AtrialPulseWidth": null,
        "VentricularPulseWidth": null,
        "AtrialSensitivity": null,
        "VentricularSensitivity": null,
        "VRP": null,
        "ARP": null,
        "ActivityThreshold": null,
        "ReactionTime": null,
        "ResponseFactor": null,
        "RecoveryTime": null
    },
    {
        "PacingMode": "AOO",
        "LowerRateLimit": "60",
        "UpperRateLimit": "120",
        "MaximumSensorRate": null,
        "AVDelay": null,
        "AtrialAmplitude": "3.5",
        "VentricularAmplitude": null,
        "AtrialPulseWidth": "0.4",
        "VentricularPulseWidth": null,
        "AtrialSensitivity": null,
        "VentricularSensitivity": null,
        "ARP": null,
        "VRP": null,
        "ActivityThreshold": null,
        "ReactionTime": null,
        "ResponseFactor": null,
        "RecoveryTime": null
    },
    {
        "PacingMode": "AOOR",
        "LowerRateLimit": "60",
        "UpperRateLimit": "120",
        "MaximumSensorRate": "120",
        "AVDelay": null,
        "AtrialAmplitude": "3.5",
        "VentricularAmplitude": null,
        "AtrialPulseWidth": "0.4",
        "VentricularPulseWidth": null,
        "AtrialSensitivity": null,
        "VentricularSensitivity": null,
        "ARP": null,
        "VRP": null,
        "ActivityThreshold": "2",
        "ReactionTime": "30",
        "ResponseFactor": "8",
        "RecoveryTime": "5"
    },
    {
        "PacingMode": "DOOR",
        "LowerRateLimit": "60",
        "UpperRateLimit": "120",
        "MaximumSensorRate": "120",
        "AVDelay": "150",
        "AtrialAmplitude": "3.5",
        "VentricularAmplitude": "3.5",
        "AtrialPulseWidth": "0.4",
        "VentricularPulseWidth": "0.4",
        "AtrialSensitivity": null,
        "VentricularSensitivity": null,
        "ARP": null,
        "VRP": null,
        "ActivityThreshold": "2",
        "ReactionTime": "30",
        "ResponseFactor": "8",
        "RecoveryTime": "5"
    },
    {
        "PacingMode": "VVIR",
        "LowerRateLimit": "60",
        "UpperRateLimit": "120",
        "MaximumSensorRate": "120",
        "AVDelay": null,
        "AtrialAmplitude": null,
        "VentricularAmplitude": "3.5",
        "AtrialPulseWidth": null,
        "VentricularPulseWidth": "0.4",
        "AtrialSensitivity": null,
        "VentricularSensitivity": "2.5",
        "ARP": null,
        "VRP": "320",
        "ActivityThreshold": "2",
        "ReactionTime": "30",
        "ResponseFactor": "8",
        "RecoveryTime": "5"
    },
    {
        "PacingMode": "VVIR",
        "LowerRateLimit": 60,
        "UpperRateLimit": 120,
        "MaximumSensorRate": 120,
        "AVDelay": null,
        "AtrialAmplitude": null,
        "VentricularAmplitude": 5.0,
        "AtrialPulseWidth": null,
        "VentricularPulseWidth": 1,
        "AtrialSensitivity": null,
        "VentricularSensitivity": 3.0,
        "ARP": null,
        "VRP": 320,
        "ActivityThreshold": true,
        "ReactionTime": 30,
        "ResponseFactor": 8,
        "RecoveryTime": 5
    },
    {
        "PacingMode": "VVI",
        "LowerRateLimit": 110,
        "UpperRateLimit": 120,
        "MaximumSensorRate": null,
        "AVDelay": null,
        "AtrialAmplitude": null,
        "VentricularAmplitude": 5.0,
        "AtrialPulseWidth": null,
        "VentricularPulseWidth": 1,
        "AtrialSensitivity": null,
        "VentricularSensitivity": 3.0,
        "ARP": null,
        "VRP": 320,
        "ActivityThreshold": null,
        "ReactionTime": null,
        "ResponseFactor": null,
        "RecoveryTime": null
    },
    {
        "PacingMode": "VVI",
        "LowerRateLimit": 110,
        "UpperRateLimit": 120,
        "MaximumSensorRate": null,
        "AVDelay": null,
        "AtrialAmplitude": null,
        "VentricularAmplitude": 5.0,
        "AtrialPulseWidth": null,
        "VentricularPulseWidth": 1,
        "AtrialSensitivity": null,
        "VentricularSensitivity": 3.0,
        "ARP": null,
        "VRP": 320,
        "ActivityThreshold": null,
        "ReactionTime": null,
        "ResponseFactor": null,
        "RecoveryTime": null
    },
    {
        "PacingMode": "AOOR",
        "LowerRateLimit": 110,
        "UpperRateLimit": 120,
        "MaximumSensorRate": 120,
        "AVDelay": null,
        "AtrialAmplitude": 5.0,
        "VentricularAmplitude": null,
        "AtrialPulseWidth": 20,
        "VentricularPulseWidth": null,
        "AtrialSensitivity": null,
        "VentricularSensitivity": null,
        "ARP": null,
        "VRP": null,
        "ActivityThreshold": true,
        "ReactionTime": 30,
        "ResponseFactor": 8,
        "RecoveryTime": 5
    },
    {
        "PacingMode": "AAIR",
        "LowerRateLimit": 110,
        "UpperRateLimit": 120,
        "MaximumSensorRate": 120,
        "AVDelay": null,
        "AtrialAmplitude": 5.0,
        "VentricularAmplitude": null,
        "AtrialPulseWidth": 20,
        "VentricularPulseWidth": null,
        "AtrialSensitivity": 3.5,
        "VentricularSensitivity": null,
        "ARP": 250,
        "VRP": null,
        "ActivityThreshold": true,
        "ReactionTime": 30,
        "ResponseFactor": 8,
        "RecoveryTime": 5
    },
    {
        "PacingMode": "VVIR",
        "LowerRateLimit": 60,
        "UpperRateLimit": 120,
        "MaximumSensorRate": 120,
        "AVDelay": null,
        "AtrialAmplitude": null,
        "VentricularAmplitude": 5.0,
        "AtrialPulseWidth": null,
        "VentricularPulseWidth": 1,
        "AtrialSensitivity": null,
        "VentricularSensitivity": 3.0,
        "ARP": null,
        "VRP": 320,
        "ActivityThreshold": 2.0,
        "ReactionTime": 30,
        "ResponseFactor": 8,
        "RecoveryTime": 5
    },
    {
        "PacingMode": "VVIR",
        "LowerRateLimit": 60,
        "UpperRateLimit": 120,
        "MaximumSensorRate": 120,
        "AVDelay": null,
        "AtrialAmplitude": null,
        "VentricularAmplitude": 5.0,
        "AtrialPulseWidth": null,
        "VentricularPulseWidth": 1,
        "AtrialSensitivity": null,
        "VentricularSensitivity": 3.0,
        "ARP": null,
        "VRP": 320,
        "ActivityThreshold": 2.0,
        "ReactionTime": 30,
        "ResponseFactor": 8,
        "RecoveryTime": 5
    },
    {
        "PacingMode": "AAIR",
        "LowerRateLimit": 60,
        "UpperRateLimit": 120,
        "MaximumSensorRate": 120,
        "AVDelay": null,
        "AtrialAmplitude": 5.0,
        "VentricularAmplitude": null,
        "AtrialPulseWidth": 1,
        "VentricularPulseWidth": null,
        "AtrialSensitivity": 3.5,
        "VentricularSensitivity": null,
        "ARP": 150,
        "VRP": null,
        "ActivityThreshold": 2.0,
        "ReactionTime": 30,
        "ResponseFactor": 8,
        "RecoveryTime": 5
    },
    {
        "PacingMode": "VOOR",
        "LowerRateLimit": 60,
        "UpperRateLimit": 120,
        "MaximumSensorRate": 120,
        "AVDelay": null,
        "AtrialAmplitude": null,
        "VentricularAmplitude": 5.0,
        "AtrialPulseWidth": null,
        "VentricularPulseWidth": 1,
        "AtrialSensitivity": null,
        "VentricularSensitivity": null,
        "ARP": null,
        "VRP": null,
        "ActivityThreshold": 2.0,
        "ReactionTime": 30,
        "ResponseFactor": 8,
        "RecoveryTime": 5
    },
    {
        "PacingMode": "AAI",
        "LowerRateLimit": 60,
        "UpperRateLimit": 120,
        "MaximumSensorRate": null,
        "AVDelay": null,
        "AtrialAmplitude": 5.0,
        "VentricularAmplitude": null,
        "AtrialPulseWidth": 1,
        "VentricularPulseWidth": null,
        "AtrialSensitivity": 3.5,
        "VentricularSensitivity": null,
        "ARP": 150,
        "VRP": null,
        "ActivityThreshold": null,
        "ReactionTime": null,
        "ResponseFactor": null,
        "RecoveryTime": null
    },
    {
        "PacingMode": "AAIR",
        "LowerRateLimit": 60,
        "UpperRateLimit": 120,
        "MaximumSensorRate": 120,
        "AVDelay": null,
        "AtrialAmplitude": 5.0,
        "VentricularAmplitude": null,
        "AtrialPulseWidth": 1,
        "VentricularPulseWidth": null,
        "AtrialSensitivity": 3.5,
        "VentricularSensitivity": null,
        "ARP": 150,
        "VRP": null,
        "ActivityThreshold": 2.0,
        "ReactionTime": 30,
        "ResponseFactor": 8,
        "RecoveryTime": 5
    },
    {
        "PacingMode": "AAIR",
        "LowerRateLimit": 60,
        "UpperRateLimit": 120,
        "MaximumSensorRate": 120,
        "AVDelay": null,
        "AtrialAmplitude": 5.0,
        "VentricularAmplitude": null,
        "AtrialPulseWidth": 1,
        "VentricularPulseWidth": null,
        "AtrialSensitivity": 3.5,
        "VentricularSensitivity": null,
        "ARP": 150,
        "VRP": null,
        "ActivityThreshold": 2.0,
        "ReactionTime": 30,
        "ResponseFactor": 8,
        "RecoveryTime": 5
    },
    {
        "PacingMode": "VVIR",
        "LowerRateLimit": 60,
        "UpperRateLimit": 120,
        "MaximumSensorRate": 120,
        "AVDelay": null,
        "AtrialAmplitude": null,
        "VentricularAmplitude": 5.0,
        "AtrialPulseWidth": null,
        "VentricularPulseWidth": 1,
        "AtrialSensitivity": null,
        "VentricularSensitivity": 3.0,
        "ARP": null,
        "VRP": 320,
        "ActivityThreshold": 2.0,
        "ReactionTime": 30,
        "ResponseFactor": 8,
        "RecoveryTime": 5
    },
    {
        "PacingMode": "AAIR",
        "LowerRateLimit": 60,
        "UpperRateLimit": 120,
        "MaximumSensorRate": 120,
        "AVDelay": null,
        "AtrialAmplitude": 5.0,
        "VentricularAmplitude": null,
        "AtrialPulseWidth": 1,
        "VentricularPulseWidth": null,
        "AtrialSensitivity": 3.5,
        "VentricularSensitivity": null,
        "ARP": 150,
        "VRP": null,
        "ActivityThreshold": 2.0,
        "ReactionTime": 30,
        "ResponseFactor": 8,
        "RecoveryTime": 5
    },
    {
        "PacingMode": "AAIR",
        "LowerRateLimit": 60,
        "UpperRateLimit": 120,
        "MaximumSensorRate": 120,
        "AVDelay": null,
        "AtrialAmplitude": 5.0,
        "VentricularAmplitude": null,
        "AtrialPulseWidth": 1,
        "VentricularPulseWidth": null,
        "AtrialSensitivity": 1.5,
        "VentricularSensitivity": null,
        "ARP": 250,
        "VRP": null,
        "ActivityThreshold": 3.0,
        "ReactionTime": 30,
        "ResponseFactor": 8,
        "RecoveryTime": 5
    },
    {
        "PacingMode": "AAI",
        "LowerRateLimit": 60,
        "UpperRateLimit": 120,
        "MaximumSensorRate": null,
        "AVDelay": null,
        "AtrialAmplitude": 5.0,
        "VentricularAmplitude": null,
        "AtrialPulseWidth": 1,
        "VentricularPulseWidth": null,
        "AtrialSensitivity": 1.5,
        "VentricularSensitivity": null,
        "ARP": 250,
        "VRP": null,
        "ActivityThreshold": null,
        "ReactionTime": null,
        "ResponseFactor": null,
        "RecoveryTime": null
    },
    {
        "PacingMode": "AAI",
        "LowerRateLimit": 60,
        "UpperRateLimit": 120,
        "MaximumSensorRate": null,
        "AVDelay": null,
        "AtrialAmplitude": 5.0,
        "VentricularAmplitude": null,
        "AtrialPulseWidth": 1,
        "VentricularPulseWidth": null,
        "AtrialSensitivity": 1.5,
        "VentricularSensitivity": null,
        "ARP": 250,
        "VRP": null,
        "ActivityThreshold": null,
        "ReactionTime": null,
        "ResponseFactor": null,
        "RecoveryTime": null
    },
    {
        "PacingMode": "AOOR",
        "LowerRateLimit": 60,
        "UpperRateLimit": 120,
        "MaximumSensorRate": 120,
        "AVDelay": null,
        "AtrialAmplitude": 5.0,
        "VentricularAmplitude": null,
        "AtrialPulseWidth": 1,
        "VentricularPulseWidth": null,
        "AtrialSensitivity": null,
        "VentricularSensitivity": null,
        "ARP": null,
        "VRP": null,
        "ActivityThreshold": 2.0,
        "ReactionTime": 30,
        "ResponseFactor": 8,
        "RecoveryTime": 5
    },
    {
        "PacingMode": "VOOR",
        "LowerRateLimit": 60,
        "UpperRateLimit": 120,
        "MaximumSensorRate": 120,
        "AVDelay": null,
        "AtrialAmplitude": null,
        "VentricularAmplitude": 5.0,
        "AtrialPulseWidth": null,
        "VentricularPulseWidth": 1,
        "AtrialSensitivity": null,
        "VentricularSensitivity": null,
        "ARP": null,
        "VRP": null,
        "ActivityThreshold": 2.0,
        "ReactionTime": 30,
        "ResponseFactor": 8,
        "RecoveryTime": 5
    },
    {
        "PacingMode": "AAIR",
        "LowerRateLimit": 60,
        "UpperRateLimit": 120,
        "MaximumSensorRate": 120,
        "AVDelay": null,
        "AtrialAmplitude": 5.0,
        "VentricularAmplitude": null,
        "AtrialPulseWidth": 1,
        "VentricularPulseWidth": null,
        "AtrialSensitivity": 5.0,
        "VentricularSensitivity": null,
        "ARP": 250,
        "VRP": null,
        "ActivityThreshold": 2.0,
        "ReactionTime": 30,
        "ResponseFactor": 8,
        "RecoveryTime": 5
    },
    {
        "PacingMode": "DOO",
        "LowerRateLimit": 60,
        "UpperRateLimit": 120,
        "MaximumSensorRate": null,
        "AVDelay": 150,
        "AtrialAmplitude": 5.0,
        "VentricularAmplitude": 5.0,
        "AtrialPulseWidth": 1,
        "VentricularPulseWidth": 1,
        "AtrialSensitivity": null,
        "VentricularSensitivity": null,
        "ARP": null,
        "VRP": null,
        "ActivityThreshold": null,
        "ReactionTime": null,
        "ResponseFactor": null,
        "RecoveryTime": null
    },
    {
        "PacingMode": "AAI",
        "LowerRateLimit": 60,
        "UpperRateLimit": 120,
        "MaximumSensorRate": null,
        "AVDelay": null,
        "AtrialAmplitude": 5.0,
        "VentricularAmplitude": null,
        "AtrialPulseWidth": 1,
        "VentricularPulseWidth": null,
        "AtrialSensitivity": 5.0,
        "VentricularSensitivity": null,
        "ARP": 250,
        "VRP": null,
        "ActivityThreshold": null,
        "ReactionTime": null,
        "ResponseFactor": null,
        "RecoveryTime": null
    },
    {
        "PacingMode": "AAI",
        "LowerRateLimit": 50,
        "UpperRateLimit": 120,
        "MaximumSensorRate": null,
        "AVDelay": null,
        "AtrialAmplitude": 5.0,
        "VentricularAmplitude": null,
        "AtrialPulseWidth": 1,
        "VentricularPulseWidth": null,
        "AtrialSensitivity": 5.0,
        "VentricularSensitivity": null,
        "ARP": 250,
        "VRP": null,
        "ActivityThreshold": null,
        "ReactionTime": null,
        "ResponseFactor": null,
        "RecoveryTime": null
    },
    {
        "PacingMode": "AOO",
        "LowerRateLimit": 50,
        "UpperRateLimit": 120,
        "MaximumSensorRate": null,
        "AVDelay": null,
        "AtrialAmplitude": 5.0,
        "VentricularAmplitude": null,
        "AtrialPulseWidth": 1,
        "VentricularPulseWidth": null,
        "AtrialSensitivity": null,
        "VentricularSensitivity": null,
        "ARP": null,
        "VRP": null,
        "ActivityThreshold": null,
        "ReactionTime": null,
        "ResponseFactor": null,
        "RecoveryTime": null
    },
    {
        "PacingMode": "AOO",
        "LowerRateLimit": 60,
        "UpperRateLimit": 120,
        "MaximumSensorRate": null,
        "AVDelay": null,
        "AtrialAmplitude": 5.0,
        "VentricularAmplitude": null,
        "AtrialPulseWidth": 1,
        "VentricularPulseWidth": null,
        "AtrialSensitivity": null,
        "VentricularSensitivity": null,
        "ARP": null,
        "VRP": null,
        "ActivityThreshold": null,
        "ReactionTime": null,
        "ResponseFactor": null,
        "RecoveryTime": null
    },
    {
        "PacingMode": "AAI",
        "LowerRateLimit": 60,
        "UpperRateLimit": 120,
        "MaximumSensorRate": null,
        "AVDelay": null,
        "AtrialAmplitude": 5.0,
        "VentricularAmplitude": null,
        "AtrialPulseWidth": 1,
        "VentricularPulseWidth": null,
        "AtrialSensitivity": 2.0,
        "VentricularSensitivity": null,
        "ARP": 250,
        "VRP": null,
        "ActivityThreshold": null,
        "ReactionTime": null,
        "ResponseFactor": null,
        "RecoveryTime": null
    },
    {
        "PacingMode": "VOO",
        "LowerRateLimit": 60,
        "UpperRateLimit": 120,
        "MaximumSensorRate": null,
        "AVDelay": null,
        "AtrialAmplitude": null,
        "VentricularAmplitude": 5.0,
        "AtrialPulseWidth": null,
        "VentricularPulseWidth": 1,
        "AtrialSensitivity": null,
        "VentricularSensitivity": null,
        "ARP": null,
        "VRP": null,
        "ActivityThreshold": null,
        "ReactionTime": null,
        "ResponseFactor": null,
        "RecoveryTime": null
    },
    {
        "PacingMode": "AAI",
        "LowerRateLimit": 60,
        "UpperRateLimit": 120,
        "MaximumSensorRate": null,
        "AVDelay": null,
        "AtrialAmplitude": 5.0,
        "VentricularAmplitude": null,
        "AtrialPulseWidth": 1,
        "VentricularPulseWidth": null,
        "AtrialSensitivity": 3.0,
        "VentricularSensitivity": null,
        "ARP": 250,
        "VRP": null,
        "ActivityThreshold": null,
        "ReactionTime": null,
        "ResponseFactor": null,
        "RecoveryTime": null
    },
    {
        "PacingMode": "VVI",
        "LowerRateLimit": 60,
        "UpperRateLimit": 120,
        "MaximumSensorRate": null,
        "AVDelay": null,
        "AtrialAmplitude": null,
        "VentricularAmplitude": 5.0,
        "AtrialPulseWidth": null,
        "VentricularPulseWidth": 1,
        "AtrialSensitivity": null,
        "VentricularSensitivity": 3.0,
        "ARP": null,
        "VRP": 320,
        "ActivityThreshold": null,
        "ReactionTime": null,
        "ResponseFactor": null,
        "RecoveryTime": null
    },
    {
        "PacingMode": "VVI",
        "LowerRateLimit": 60,
        "UpperRateLimit": 120,
        "MaximumSensorRate": null,
        "AVDelay": null,
        "AtrialAmplitude": null,
        "VentricularAmplitude": 5.0,
        "AtrialPulseWidth": null,
        "VentricularPulseWidth": 1,
        "AtrialSensitivity": null,
        "VentricularSensitivity": 1.0,
        "ARP": null,
        "VRP": 320,
        "ActivityThreshold": null,
        "ReactionTime": null,
        "ResponseFactor": null,
        "RecoveryTime": null
    },
    {
        "PacingMode": "VVI",
        "LowerRateLimit": 60,
        "UpperRateLimit": 120,
        "MaximumSensorRate": null,
        "AVDelay": null,
        "AtrialAmplitude": null,
        "VentricularAmplitude": 5.0,
        "AtrialPulseWidth": null,
        "VentricularPulseWidth": 1,
        "AtrialSensitivity": null,
        "VentricularSensitivity": 3.0,
        "ARP": null,
        "VRP": 320,
        "ActivityThreshold": null,
        "ReactionTime": null,
        "ResponseFactor": null,
        "RecoveryTime": null
    },
    {
        "PacingMode": "VVI",
        "LowerRateLimit": 60,
        "UpperRateLimit": 120,
        "MaximumSensorRate": null,
        "AVDelay": null,
        "AtrialAmplitude": null,
        "VentricularAmplitude": 5.0,
        "AtrialPulseWidth": null,
        "VentricularPulseWidth": 1,
        "AtrialSensitivity": null,
        "VentricularSensitivity": 2.0,
        "ARP": null,
        "VRP": 320,
        "ActivityThreshold": null,
        "ReactionTime": null,
        "ResponseFactor": null,
        "RecoveryTime": null
    },
    {
        "PacingMode": "VVIR",
        "LowerRateLimit": 60,
        "UpperRateLimit": 120,
        "MaximumSensorRate": 120,
        "AVDelay": null,
        "AtrialAmplitude": null,
        "VentricularAmplitude": 5.0,
        "AtrialPulseWidth": null,
        "VentricularPulseWidth": 1,
        "AtrialSensitivity": null,
        "VentricularSensitivity": 3.0,
        "ARP": null,
        "VRP": 320,
        "ActivityThreshold": 3.0,
        "ReactionTime": 30,
        "ResponseFactor": 8,
        "RecoveryTime": 5
    },
    {
        "PacingMode": "AAIR",
        "LowerRateLimit": 60,
        "UpperRateLimit": 120,
        "MaximumSensorRate": 120,
        "AVDelay": null,
        "AtrialAmplitude": 5.0,
        "VentricularAmplitude": null,
        "AtrialPulseWidth": 1,
        "VentricularPulseWidth": null,
        "AtrialSensitivity": 3.0,
        "VentricularSensitivity": null,
        "ARP": 250,
        "VRP": null,
        "ActivityThreshold": 3.0,
        "ReactionTime": 30,
        "ResponseFactor": 8,
        "RecoveryTime": 5
    },
    {
        "PacingMode": "DOOR",
        "LowerRateLimit": 80,
        "UpperRateLimit": 100,
        "MaximumSensorRate": 100,
        "AVDelay": 180,
        "AtrialAmplitude": 5.0,
        "VentricularAmplitude": 5.0,
        "AtrialPulseWidth": 1,
        "VentricularPulseWidth": 1,
        "AtrialSensitivity": null,
        "VentricularSensitivity": null,
        "ARP": null,
        "VRP": null,
        "ActivityThreshold": 3.0,
        "ReactionTime": 30,
        "ResponseFactor": 8,
        "RecoveryTime": 5
    },
    {
        "PacingMode": "VOO",
        "LowerRateLimit": 60,
        "UpperRateLimit": 120,
        "MaximumSensorRate": null,
        "AVDelay": null,
        "AtrialAmplitude": null,
        "VentricularAmplitude": 5.0,
        "AtrialPulseWidth": null,
        "VentricularPulseWidth": 1,
        "AtrialSensitivity": null,
        "VentricularSensitivity": null,
        "ARP": null,
        "VRP": null,
        "ActivityThreshold": null,
        "ReactionTime": null,
        "ResponseFactor": null,
        "RecoveryTime": null
    },
    {
        "PacingMode": "AAI",
        "LowerRateLimit": 60,
        "UpperRateLimit": 120,
        "MaximumSensorRate": null,
        "AVDelay": null,
        "AtrialAmplitude": 5.0,
        "VentricularAmplitude": null,
        "AtrialPulseWidth": 1,
        "VentricularPulseWidth": null,
        "AtrialSensitivity": 3.0,
        "VentricularSensitivity": null,
        "ARP": 250,
        "VRP": null,
        "ActivityThreshold": null,
        "ReactionTime": null,
        "ResponseFactor": null,
        "RecoveryTime": null
    },
    {
        "PacingMode": "AAIR",
        "LowerRateLimit": 60,
        "UpperRateLimit": 120,
        "MaximumSensorRate": 120,
        "AVDelay": null,
        "AtrialAmplitude": 5.0,
        "VentricularAmplitude": null,
        "AtrialPulseWidth": 1,
        "VentricularPulseWidth": null,
        "AtrialSensitivity": 3.0,
        "VentricularSensitivity": null,
        "ARP": 250,
        "VRP": null,
        "ActivityThreshold": 2.0,
        "ReactionTime": 30,
        "ResponseFactor": 8,
        "RecoveryTime": 5
    },
    {
        "PacingMode": "AOO",
        "LowerRateLimit": 60,
        "UpperRateLimit": 120,
        "MaximumSensorRate": null,
        "AVDelay": null,
        "AtrialAmplitude": 5.0,
        "VentricularAmplitude": null,
        "AtrialPulseWidth": 1,
        "VentricularPulseWidth": null,
        "AtrialSensitivity": null,
        "VentricularSensitivity": null,
        "ARP": null,
        "VRP": null,
        "ActivityThreshold": null,
        "ReactionTime": null,
        "ResponseFactor": null,
        "RecoveryTime": null
    },
    {
        "PacingMode": "AOO",
        "LowerRateLimit": 60,
        "UpperRateLimit": 120,
        "MaximumSensorRate": null,
        "AVDelay": null,
        "AtrialAmplitude": 5.0,
        "VentricularAmplitude": null,
        "AtrialPulseWidth": 1,
        "VentricularPulseWidth": null,
        "AtrialSensitivity": null,
        "VentricularSensitivity": null,
        "ARP": null,
        "VRP": null,
        "ActivityThreshold": null,
        "ReactionTime": null,
        "ResponseFactor": null,
        "RecoveryTime": null
    },
    {
        "PacingMode": "VOO",
        "LowerRateLimit": 60,
        "UpperRateLimit": 120,
        "MaximumSensorRate": null,
        "AVDelay": null,
        "AtrialAmplitude": null,
        "VentricularAmplitude": 5.0,
        "AtrialPulseWidth": null,
        "VentricularPulseWidth": 1,
        "AtrialSensitivity": null,
        "VentricularSensitivity": null,
        "ARP": null,
        "VRP": null,
        "ActivityThreshold": null,
        "ReactionTime": null,
        "ResponseFactor": null,
        "RecoveryTime": null
    },
    {
        "PacingMode": "AOO",
        "LowerRateLimit": 60,
        "UpperRateLimit": 120,
        "MaximumSensorRate": null,
        "AVDelay": null,
        "AtrialAmplitude": 5.0,
        "VentricularAmplitude": null,
        "AtrialPulseWidth": 1,
        "VentricularPulseWidth": null,
        "AtrialSensitivity": null,
        "VentricularSensitivity": null,
        "ARP": null,
        "VRP": null,
        "ActivityThreshold": null,
        "ReactionTime": null,
        "ResponseFactor": null,
        "RecoveryTime": null
    },
    {
        "PacingMode": "VVIR",
        "LowerRateLimit": 60,
        "UpperRateLimit": 120,
        "MaximumSensorRate": 120,
        "AVDelay": null,
        "AtrialAmplitude": null,
        "VentricularAmplitude": 5.0,
        "AtrialPulseWidth": null,
        "VentricularPulseWidth": 1,
        "AtrialSensitivity": null,
        "VentricularSensitivity": 3.0,
        "ARP": null,
        "VRP": 320,
        "ActivityThreshold": 2.0,
        "ReactionTime": 30,
        "ResponseFactor": 8,
        "RecoveryTime": 5
    },
    {
        "PacingMode": "VVIR",
        "LowerRateLimit": 90,
        "UpperRateLimit": 120,
        "MaximumSensorRate": 120,
        "AVDelay": null,
        "AtrialAmplitude": null,
        "VentricularAmplitude": 5.0,
        "AtrialPulseWidth": null,
        "VentricularPulseWidth": 1,
        "AtrialSensitivity": null,
        "VentricularSensitivity": 3.0,
        "ARP": null,
        "VRP": 320,
        "ActivityThreshold": 2.0,
        "ReactionTime": 30,
        "ResponseFactor": 8,
        "RecoveryTime": 5
    },
    {
        "PacingMode": "VVIR",
        "LowerRateLimit": 60,
        "UpperRateLimit": 120,
        "MaximumSensorRate": 120,
        "AVDelay": null,
        "AtrialAmplitude": null,
        "VentricularAmplitude": 5.0,
        "AtrialPulseWidth": null,
        "VentricularPulseWidth": 1,
        "AtrialSensitivity": null,
        "VentricularSensitivity": 3.0,
        "ARP": null,
        "VRP": 320,
        "ActivityThreshold": 2.0,
        "ReactionTime": 30,
        "ResponseFactor": 8,
        "RecoveryTime": 5
    }
]