[
    {
        "username": "admin",
        "password": "admin"
    },
    {
        "username": "test3",
        "password": "test2"
    },
    {
        "username": "test4",
        "password": "test2"
    },
    {
        "username": "test5",
        "password": "test2"
    },
    {
        "username": "test6",
        "password": "test2"
    },
    {
        "username": "test7",
        "password": "test2"
    },
    {
        "username": "test8",
        "password": "test"
    },
    {
        "username": "test9",
        "password": "test"
    },
    {
        "username": "test1",
        "password": "test"
    },
    {
        "username": "1",
        "password": "1"
    }
]